task,feature_set,model,n_train,n_test,n_features,n_classes,accuracy,balanced_accuracy,precision_macro,recall_macro,f1_macro,precision_weighted,recall_weighted,f1_weighted,mcc,roc_auc_macro_ovr,pr_auc_macro,log_loss,train_seconds,inference_seconds,inference_ms_per_sample
multiclass,A0_CoreFlow,GaussianNB,600000,200000,12,12,0.288715,0.45650536866504526,0.3225528378048082,0.45650536866504526,0.28836503045182266,0.6734969723269759,0.288715,0.198215564283988,0.28974524161266413,0.8471146495852414,0.35205586075777046,10.160507954611345,0.9623535000137053,0.2806571999681182,0.0014032859998405912
multiclass,A0_CoreFlow,LogisticRegression,600000,200000,12,12,0.152055,0.28516148222758214,0.1376399311695289,0.28516148222758214,0.11817249865706418,0.47148932100224716,0.152055,0.19445571248444288,0.08410532602343312,0.802016302098214,0.2898926967060493,2.454938968101791,793.6801207999815,0.05374330002814531,0.0002687165001407266
multiclass,A0_CoreFlow,RandomForest,600000,200000,12,12,0.91154,0.8080152763013423,0.6991702097176423,0.8080152763013423,0.721289385435088,0.9524088881865519,0.91154,0.928425093447994,0.8746417644325193,0.9687803924911739,0.7657407611929766,0.2715119970809091,17.63778769999044,0.8756991000263952,0.004378495500131976
multiclass,A0_CoreFlow,ExtraTrees,600000,200000,12,12,0.88515,0.8267520897470789,0.6926870759534411,0.8267520897470789,0.7154818980232881,0.9514776830429084,0.88515,0.9123886125011691,0.8432677621995159,0.9779817538182947,0.7420286965554005,0.7394072234267175,9.161625400010962,1.048854199994821,0.005244270999974105
multiclass,A0_CoreFlow,HistGradientBoosting,600000,200000,12,12,0.95275,0.748084302576534,0.752262995625092,0.748084302576534,0.7424618166019927,0.9482826062448979,0.95275,0.949148250823555,0.927424211528714,0.9780115608902621,0.7457111911221959,0.18241324654020188,12.746729400008917,0.8675967999733984,0.004337983999866992
multiclass,A1_Core_PortProtocol,GaussianNB,600000,200000,14,12,0.400305,0.588431434322514,0.4112094898180929,0.588431434322514,0.39233292703089545,0.7677718060505735,0.400305,0.30261106621404205,0.4316320579318533,0.9022774102111798,0.4897803282079523,9.05713990292275,1.1066976999863982,0.34330389997921884,0.0017165194998960943
multiclass,A1_Core_PortProtocol,LogisticRegression,600000,200000,14,12,0.07548,0.3025462098121651,0.12640646707011774,0.3025462098121651,0.10638546194610222,0.3558188414753925,0.07548,0.07916730161543489,0.0420323685677266,0.8707806693286587,0.40664865319257304,2.4427736236181308,896.2468638999853,0.06283989996882156,0.0003141994998441078
multiclass,A1_Core_PortProtocol,RandomForest,600000,200000,14,12,0.96125,0.8213007832213294,0.7595486317230068,0.8213007832213294,0.7686862576679124,0.9704352600704064,0.96125,0.9653896045812416,0.9416568217487672,0.9801724121966937,0.8228938990287964,0.10953816153394252,17.126681599998847,0.8836590999853797,0.0044182954999268985
multiclass,A1_Core_PortProtocol,ExtraTrees,600000,200000,14,12,0.935365,0.8418815175602293,0.7501758769786572,0.8418815175602293,0.7580311611069716,0.9693873710380164,0.935365,0.9506833656796192,0.9061627088592856,0.9844775777112563,0.7879750776832225,0.4600551180071185,10.195077900018077,1.0913053999538533,0.005456526999769266
multiclass,A1_Core_PortProtocol,HistGradientBoosting,600000,200000,14,12,0.97539,0.8037799024665692,0.7949721033228334,0.8037799024665692,0.7956721701458621,0.9735859043993852,0.97539,0.9743886554905049,0.9624021242553551,0.9779946078562548,0.8109273267411178,0.1183463439670932,9.099747199972626,0.532105699996464,0.0026605284999823195
multiclass,A2_Core_PortProtocol_Temporal,GaussianNB,600000,200000,36,12,0.34514,0.5623226546868612,0.376627724452951,0.5623226546868612,0.34894891961942337,0.7354637448621368,0.34514,0.2906123512841309,0.3474604234247502,0.8887999264510671,0.42500198101294134,18.642208558278238,2.8008779999800026,0.8395223999978043,0.004197611999989022
multiclass,A2_Core_PortProtocol_Temporal,LogisticRegression,600000,200000,36,12,0.27502,0.3077099349155201,0.08961296986954827,0.3077099349155201,0.098421329057807,0.365829467311144,0.27502,0.29568246071551996,0.09738053602973397,0.7189942932714565,0.2960109790096011,2.334762765056199,1558.2794795000227,0.14241780003067106,0.0007120890001533553
multiclass,A2_Core_PortProtocol_Temporal,RandomForest,600000,200000,36,12,0.96626,0.8180667770160838,0.7638777600068233,0.8180667770160838,0.7726809289309252,0.9720403444730431,0.96626,0.9687960998195263,0.9489978209316888,0.9797048112549512,0.8248242787383419,0.09883711216109939,31.231089200009592,0.9475236000143923,0.004737618000071961
multiclass,A2_Core_PortProtocol_Temporal,ExtraTrees,600000,200000,36,12,0.957205,0.829522230357881,0.7564537358330297,0.829522230357881,0.7687958158373557,0.9702956903497391,0.957205,0.9630955063558996,0.9360308863220601,0.9833991766635228,0.8292484640850186,0.16661926836485694,19.58679689996643,1.1820107999956235,0.005910053999978117
multiclass,A2_Core_PortProtocol_Temporal,HistGradientBoosting,600000,200000,36,12,0.978425,0.8139392241541779,0.8240947571856916,0.8139392241541779,0.8175297991762055,0.9766539928490454,0.978425,0.9774600729676179,0.9670450684366781,0.9705998232038299,0.8261420923145665,0.0911240772558492,12.42950489994837,0.658280800038483,0.003291404000192415
multiclass,A3_AllNumeric_NoCMG_NoRWAR,GaussianNB,600000,200000,78,12,0.365005,0.5895930018860546,0.43886999085439865,0.5895930018860546,0.4026048531018478,0.7531844496326038,0.365005,0.3312423010248379,0.36793992505847595,0.929372438026394,0.5037563924915175,17.706094575113287,5.754715399991255,1.7757042000303045,0.008878521000151523
multiclass,A3_AllNumeric_NoCMG_NoRWAR,LogisticRegression,600000,200000,78,12,0.17868,0.3077333472199407,0.07443250678135963,0.3077333472199407,0.07873699569530761,0.2924752204722701,0.17868,0.19131030774658786,0.04021680364434956,0.7392341614480152,0.31191736592781844,2.5448350089918303,3206.3196955000167,0.31409460003487766,0.0015704730001743882
multiclass,A3_AllNumeric_NoCMG_NoRWAR,RandomForest,600000,200000,78,12,0.982675,0.8410407947334512,0.8658340383145916,0.8410407947334512,0.8510203103634503,0.9823800065546464,0.982675,0.982465063595053,0.9735548737931793,0.9815839801828522,0.8624869224784519,0.059004884589284975,31.745340799971018,1.1241080000181682,0.005620540000090841
multiclass,A3_AllNumeric_NoCMG_NoRWAR,ExtraTrees,600000,200000,78,12,0.96344,0.8742503141395127,0.7954825827147518,0.8742503141395127,0.8044429652262063,0.9823154594437098,0.96344,0.9723299669767987,0.9457129326850717,0.9855704189769461,0.8523238626571102,0.14433027841172075,23.859494399977848,1.3556741999927908,0.006778370999963953
multiclass,A3_AllNumeric_NoCMG_NoRWAR,HistGradientBoosting,600000,200000,78,12,0.98857,0.8566150242837346,0.8574675017606991,0.8566150242837346,0.8515560683786063,0.9868954504862308,0.98857,0.9875214783673467,0.9825442650869766,0.9760073098595418,0.855608911869175,0.11029118918206719,14.04683990002377,0.524364200013224,0.00262182100006612
multiclass,A4_RWAR_RiskRouting,GaussianNB,600000,200000,87,12,0.365005,0.5895930018860546,0.43886999085439865,0.5895930018860546,0.4026048531018478,0.7531844496326038,0.365005,0.3312423010248379,0.36793992505847595,0.9293708712944936,0.5037622798500089,17.706094680201172,6.497851099993568,2.0489525999873877,0.010244762999936938
multiclass,A4_RWAR_RiskRouting,LogisticRegression,600000,200000,87,12,0.246575,0.27746938266933713,0.06607869363155058,0.27746938266933713,0.0685198967287449,0.33562286190674434,0.246575,0.26605735212713744,0.05893686177768391,0.7444407422373609,0.321831786145804,2.332284371393328,4377.063727099972,0.5371751000056975,0.0026858755000284873
multiclass,A4_RWAR_RiskRouting,RandomForest,600000,200000,87,12,0.989525,0.8623000069735459,0.8899046467564928,0.8623000069735459,0.8733009808711326,0.9885894299525742,0.989525,0.9889443626623408,0.9840091016917581,0.9827130083324759,0.8911500133973149,0.04812026473519545,48.24864470004104,1.8434874000377022,0.00921743700018851
multiclass,A4_RWAR_RiskRouting,ExtraTrees,600000,200000,87,12,0.975395,0.8951001623891249,0.8194488859816368,0.8951001623891249,0.8264781880917996,0.9884898070630009,0.975395,0.9814891659056313,0.9631781547944701,0.9863344149034753,0.8809525099099763,0.11319859505997741,32.37522980000358,2.156621600035578,0.01078310800017789
multiclass,A4_RWAR_RiskRouting,HistGradientBoosting,600000,200000,87,12,0.98885,0.8521788173964752,0.8513247729049068,0.8521788173964752,0.8509957274937346,0.9873542536757024,0.98885,0.987983518520278,0.9829771845888403,0.977532101913372,0.8600177169050603,0.05319153987083431,41.62654450000264,1.5234700000146404,0.007617350000073202
multiclass,A5_CMG_GraphMemory,GaussianNB,600000,200000,84,12,0.46032,0.688987999663523,0.5609044386953678,0.688987999663523,0.5262282036600455,0.8580024034821526,0.46032,0.43816468445715007,0.49824977081095756,0.9511682889021146,0.5857933697790946,16.659092439515284,9.987741399963852,3.008031200035475,0.015040156000177376
multiclass,A5_CMG_GraphMemory,LogisticRegression,600000,200000,84,12,0.36498,0.3621122874765161,0.15104778705062524,0.3621122874765161,0.15473383240058391,0.4536830625627254,0.36498,0.38457010706240174,0.20554972361971027,0.8084050005693598,0.38904869681418913,2.027774839384401,5205.29122340004,0.46956699999282137,0.0023478349999641068
multiclass,A5_CMG_GraphMemory,RandomForest,600000,200000,84,12,0.982795,0.8435020831462072,0.8643107526645775,0.8435020831462072,0.8521318336721566,0.9824589624551089,0.982795,0.9825690128635116,0.9737385819222227,0.981100904076726,0.8627122368225754,0.058546888127580105,44.86876109999139,1.7617843999760225,0.008808921999880112
multiclass,A5_CMG_GraphMemory,ExtraTrees,600000,200000,84,12,0.965225,0.8719293388021279,0.7926545315243115,0.8719293388021279,0.7996524775137231,0.9823532800109885,0.965225,0.973279941097369,0.9481843671877588,0.9861878930268038,0.858569595287209,0.13298121700429355,31.865203199966345,2.1409478000132367,0.010704739000066183
multiclass,A5_CMG_GraphMemory,HistGradientBoosting,600000,200000,84,12,0.98661,0.8477338174409702,0.8150588521343417,0.8477338174409702,0.8201706182935405,0.9862948802697381,0.98661,0.9862779196457495,0.9795794127983537,0.9704614418147964,0.8257687638007666,0.10841293747366959,40.22754429996712,1.4300790000124834,0.007150395000062417
multiclass,A6b_Full_CAVALRY_AI_SelectKBest_35,GaussianNB,600000,200000,35,12,0.449395,0.671564476870098,0.5471212571299339,0.671564476870098,0.5072143651598614,0.8590508175028307,0.449395,0.4215799343689706,0.48975165274591037,0.956875919054685,0.6402855284427611,13.571051205644915,4.602446700038854,1.1875079000019468,0.0059375395000097345
multiclass,A6b_Full_CAVALRY_AI_SelectKBest_35,LogisticRegression,600000,200000,35,12,0.21028,0.38067735023466825,0.21885373364987334,0.38067735023466825,0.2157804111148075,0.30925735375276747,0.21028,0.22557141867501673,0.06665669460352457,0.8964979844456004,0.4462701833909167,2.1275147616197128,2709.5235163999605,0.17155590001493692,0.0008577795000746846
multiclass,A6b_Full_CAVALRY_AI_SelectKBest_35,RandomForest,600000,200000,35,12,0.9896,0.8639156713237378,0.8858789102985675,0.8639156713237378,0.8729936339495316,0.9886662388362234,0.9896,0.9890260353246905,0.9841239396725482,0.9781047652364828,0.8907200826512156,0.05573935849288458,39.38063530001091,1.4814058000338264,0.007407029000169132
multiclass,A6b_Full_CAVALRY_AI_SelectKBest_35,ExtraTrees,600000,200000,35,12,0.979775,0.8947959373641322,0.8246431412845389,0.8947959373641322,0.8343371834943403,0.988560120595559,0.979775,0.9838141676840048,0.9695213178596436,0.9852048348397805,0.881200046258638,0.1032130093650995,20.840195600001607,1.8230021999916062,0.009115010999958031
multiclass,A6b_Full_CAVALRY_AI_SelectKBest_35,HistGradientBoosting,600000,200000,35,12,0.97951,0.8500500584882354,0.8069216460707594,0.8500500584882354,0.8056870133620668,0.9866902995531586,0.97951,0.9828005630023418,0.969048430498524,0.9752005307264358,0.8149718731850063,0.39777503245215595,30.171054799982812,1.395994399965275,0.006979971999826375
multiclass,A6_Full_CAVALRY_AI,GaussianNB,600000,200000,93,12,0.46032,0.688987999663523,0.5609044386953678,0.688987999663523,0.5262282036600455,0.8580024034821526,0.46032,0.43816468445715007,0.49824977081095756,0.9511681685117814,0.5857934715969936,16.659093285407575,10.950295599992387,3.178871200012509,0.015894356000062542
multiclass,A6_Full_CAVALRY_AI,LogisticRegression,600000,200000,93,12,0.292495,0.3930230360087789,0.1596210235000747,0.3930230360087789,0.16459526228549273,0.40725344458161994,0.292495,0.3057558089227776,0.17981890102659132,0.8024557071148735,0.3837472148958685,2.4197685042928847,5693.175239500008,0.5408728000475094,0.002704364000237547
multiclass,A6_Full_CAVALRY_AI,RandomForest,600000,200000,93,12,0.98952,0.8642075775945854,0.8914877249673974,0.8642075775945854,0.8751534228979416,0.9886843143971368,0.98952,0.9889905025775367,0.9840027945377103,0.9835294867616842,0.8908602873348649,0.04643485473620133,48.85826049995376,1.7883827000041492,0.008941913500020746
multiclass,A6_Full_CAVALRY_AI,ExtraTrees,600000,200000,93,12,0.97271,0.8952811474184595,0.8178993911370537,0.8952811474184595,0.8234325884940521,0.9885813565837134,0.97271,0.9801290848406427,0.9593401218210026,0.9865073623226576,0.8811702148326163,0.11564476349791011,33.414567600004375,2.2430785999749787,0.011215392999874894
multiclass,A6_Full_CAVALRY_AI,HistGradientBoosting,600000,200000,93,12,0.988455,0.8580997203283257,0.8294119251227574,0.8580997203283257,0.8375447875674932,0.9871245424027346,0.988455,0.9876024519553873,0.9823803304223435,0.9824666625789318,0.8338673174462907,0.07918832740009735,41.87920499994652,1.5445718000410125,0.007722859000205063
multiclass,A7_TCPFlagsOnly,GaussianNB,600000,200000,12,12,0.15545,0.31408284880791176,0.1354750006558282,0.31408284880791176,0.08176837278807132,0.6013223366355216,0.15545,0.07224200505606457,0.1516742842057401,0.6953143180154749,0.14512351084813097,26.981428763536915,1.0936331000411883,0.40627349994610995,0.00203136749973055
multiclass,A7_TCPFlagsOnly,LogisticRegression,600000,200000,12,12,0.217365,0.3027370113257026,0.15307799007643444,0.3027370113257026,0.0971800034151743,0.6234202245376752,0.217365,0.15040703271029812,0.19394170153727755,0.8018640346498689,0.16626995544647474,2.2004133799071535,1330.3534623000305,0.08411039999919012,0.0004205519999959506
multiclass,A7_TCPFlagsOnly,RandomForest,600000,200000,12,12,0.194845,0.32137701938615676,0.14959428758094953,0.32137701938615676,0.10073756600015465,0.619109508867994,0.194845,0.10164850014846827,0.18312654538487125,0.8028822503562977,0.16659229993973276,1.9591242165656715,14.54781489999732,1.3190555000328459,0.0065952775001642296
multiclass,A7_TCPFlagsOnly,ExtraTrees,600000,200000,12,12,0.190045,0.32137701938615676,0.14771714646686626,0.32137701938615676,0.0976364072822668,0.6181463102195356,0.190045,0.09997841108280495,0.1778059811391467,0.8028770524835348,0.16659228332145354,1.9637298539659183,6.088304499979131,1.6261522000422701,0.00813076100021135
multiclass,A7_TCPFlagsOnly,HistGradientBoosting,600000,200000,12,12,0.581005,0.15326022096450465,0.08743683221989579,0.15326022096450465,0.10773865228651706,0.4170165842030939,0.581005,0.47743079980871994,0.30946762509573644,0.8165838281436039,0.17141707767692235,1.038513340848902,48.92618509999011,4.604888800007757,0.023024444000038783
